<?xml version='1.0' encoding='UTF-8'?>
<com.cloudbees.plugins.credentials.SystemCredentialsProvider plugin="credentials@1.22">
  <domainCredentialsMap class="hudson.util.CopyOnWriteMap$Hash">
    <entry>
      <com.cloudbees.plugins.credentials.domains.Domain>
        <specifications/>
      </com.cloudbees.plugins.credentials.domains.Domain>
      <java.util.concurrent.CopyOnWriteArrayList>
        <com.cloudbees.plugins.credentials.impl.UsernamePasswordCredentialsImpl>
          <scope>GLOBAL</scope>
          <id>1d3510a4-2be3-4080-b4aa-2ad5dff8887f</id>
          <description>read only user</description>
          <username>mdw</username>
          <password>RtG6gWol7UjHIOo5gVbvv733QkdodoHPCL14bm4CKZQ=</password>
        </com.cloudbees.plugins.credentials.impl.UsernamePasswordCredentialsImpl>
        <com.cloudbees.plugins.credentials.impl.UsernamePasswordCredentialsImpl>
          <scope>GLOBAL</scope>
          <id>699fc990-ad07-4ef7-ba3d-b72746accd47</id>
          <description>MDW app user</description>
          <username>mdw</username>
          <password>RtG6gWol7UjHIOo5gVbvv733QkdodoHPCL14bm4CKZQ=</password>
        </com.cloudbees.plugins.credentials.impl.UsernamePasswordCredentialsImpl>
        <com.cloudbees.plugins.credentials.impl.UsernamePasswordCredentialsImpl>
          <scope>GLOBAL</scope>
          <id>0459cce1-bc50-4ee2-a6ff-a44c159a9932</id>
          <description>MDW app user</description>
          <username>mdw</username>
          <password>uNJ5VuO6X/UGO17xzV5MDINwknW19zGRkO2kVzp+Lm4=</password>
        </com.cloudbees.plugins.credentials.impl.UsernamePasswordCredentialsImpl>
        <com.cloudbees.plugins.credentials.impl.UsernamePasswordCredentialsImpl>
          <scope>GLOBAL</scope>
          <id>54f39108-4c35-4f41-84dd-2b35e7926e91</id>
          <description>Manoj </description>
          <username>magrawal</username>
          <password>SFvDF4QV59a2OmOhfrfbD4NwknW19zGRkO2kVzp+Lm4=</password>
        </com.cloudbees.plugins.credentials.impl.UsernamePasswordCredentialsImpl>
      </java.util.concurrent.CopyOnWriteArrayList>
    </entry>
  </domainCredentialsMap>
</com.cloudbees.plugins.credentials.SystemCredentialsProvider>