<?xml version='1.0' encoding='UTF-8'?>
<hudson.plugins.dimensionsscm.DimensionsSCM_-DescriptorImpl plugin="dimensionsscm@0.8.6">
  <generation>2</generation>
  <connectionCheck>
    <dmServer>ne1itcprhas49.corp.intranet</dmServer>
    <dmDb>It4000@Scm5</dmDb>
    <dbName>It4000</dbName>
    <dbConn>Scm5</dbConn>
    <dmUser>aa70413</dmUser>
    <dmPasswd>Laudrup1919</dmPasswd>
    <dateType>edit</dateType>
    <allRevisions>false</allRevisions>
    <version>2010</version>
    <conns/>
  </connectionCheck>
  <server>Dummy Server</server>
  <userName>Dummy Name</userName>
  <passwd>cGFzcw==</passwd>
  <database>Dummy DB</database>
  <timeZone></timeZone>
  <webUrl></webUrl>
  <canUpdate>false</canUpdate>
</hudson.plugins.dimensionsscm.DimensionsSCM_-DescriptorImpl>