<?xml version='1.0' encoding='UTF-8'?>
<hudson.scm.SubversionSCM_-DescriptorImpl plugin="subversion@1.54">
  <generation>6</generation>
  <credentials class="hashtable">
    <entry>
      <string>&lt;svn://10.0.22.232:3690&gt; omg</string>
      <hudson.scm.SubversionSCM_-DescriptorImpl_-PasswordCredential>
        <userName>aa70413</userName>
        <password>f0DLkdbBNqhzsD9+MrVRW4M3Nql3xXmpI5pytke58ew=</password>
      </hudson.scm.SubversionSCM_-DescriptorImpl_-PasswordCredential>
    </entry>
    <entry>
      <string>&lt;svn://omgsubv:3690&gt; omg</string>
      <hudson.scm.SubversionSCM_-DescriptorImpl_-PasswordCredential>
        <userName>aa70413</userName>
        <password>f0DLkdbBNqhzsD9+MrVRW4M3Nql3xXmpI5pytke58ew=</password>
      </hudson.scm.SubversionSCM_-DescriptorImpl_-PasswordCredential>
    </entry>
  </credentials>
  <workspaceFormat>8</workspaceFormat>
  <validateRemoteUpToVar>false</validateRemoteUpToVar>
  <storeAuthToDisk>true</storeAuthToDisk>
</hudson.scm.SubversionSCM_-DescriptorImpl>