<?xml version='1.0' encoding='UTF-8'?>
<jenkins.plugins.nodejs.NodeJSPlugin plugin="nodejs@0.2.1">
  <installations>
    <jenkins.plugins.nodejs.tools.NodeJSInstallation>
      <name>NodeJS 4.2.1</name>
      <home></home>
      <properties>
        <hudson.tools.InstallSourceProperty>
          <installers>
            <jenkins.plugins.nodejs.tools.NodeJSInstaller>
              <id>4.2.1</id>
              <npmPackages>bower grunt-cli</npmPackages>
              <npmPackagesRefreshHours>72</npmPackagesRefreshHours>
            </jenkins.plugins.nodejs.tools.NodeJSInstaller>
          </installers>
        </hudson.tools.InstallSourceProperty>
      </properties>
      <nodeJSHome></nodeJSHome>
    </jenkins.plugins.nodejs.tools.NodeJSInstallation>
  </installations>
</jenkins.plugins.nodejs.NodeJSPlugin>